subjectkey,interview_age,gender,task_performance,RT
subject1,14,2,0.387466196,820
subject1,15,2,-0.419546891,350
subject2,13,2,0.770266644,678
subject2,16,2,1.251098239,596
subject3,17,1,-0.016215376,843
